{
  "criteria": {
    "a": {
      "trigger": "minecraft:using_item",
      "conditions": {
        "player": {
          "type": "minecraft:player"
        },
        "item": {
          "items": "minecraft:diamond_axe",
          "components": {
            "minecraft:custom_data": {"spear": "netherite"}
          }
        }
      }
    }
  },
  "requirements": [
    [
      "a"
    ]
  ],
  "rewards": {
    "function": "spear:charge_netherite_spear",
    "loot": []
  }
}