{
    "type": "minecraft:crafting_shaped",
    "pattern": [
        "  #",
        " / ",
        "/  "
    ],
    "key": {
        "#": "minecraft:diamond",
        "/": "minecraft:stick"
    },
    "result": {
        "id": "minecraft:wooden_sword",
        "count": 1,
        "components": {
            "minecraft:custom_model_data": {
                "strings": ["diamond_spear"]
            },
            "minecraft:custom_name": {
                "text": "Diamond Spear",
                "italic": false
            },
            "minecraft:attribute_modifiers": [
                {
                    "type": "minecraft:attack_speed",
                    "slot": "mainhand",
                    "id": "attack_spd",
                    "amount": 0.4,
                    "operation": "add_value"
                },
                {
                    "type": "minecraft:attack_damage",
                    "slot": "mainhand",
                    "id": "attack_dmg",
                    "amount": 4,
                    "operation": "add_value"
                },
                {
                    "type": "minecraft:entity_interaction_range",
                    "slot": "mainhand",
                    "id": "attack_range",
                    "amount": 1,
                    "operation": "add_value"
                }
            ],
            "minecraft:max_damage": 128
        }
    }
}
