{
  "anvil_cost": 2,
  "description": { "translate": "Charge" },
  "effects": {
    "minecraft:damage": [
      {
        "effect": {
          "type": "minecraft:add",
          "value": {
            "type": "minecraft:linear",
            "base": 1,
            "per_level_above_first": 0.5
          }
        },
        "requirements": {
          "condition": "minecraft:entity_properties",
          "entity": "attacker",
          "predicate": {
            "type": "minecraft:player",
            "movement": {
            "horizontal_speed": {
                "min": 5.0,
                "max": 7.0
            }
            }
        }
        }
      },
      {
        "effect": {
          "type": "minecraft:add",
          "value": {
            "type": "minecraft:linear",
            "base": 2.5,
            "per_level_above_first": 1.5
          }
        },
        "requirements": {
          "condition": "minecraft:entity_properties",
          "entity": "attacker",
          "predicate": {
            "type": "minecraft:player",
            "movement": {
            "horizontal_speed": {
                "min": 7.01,
                "max": 11.0
            }
            }
        }
        }
      },
      {
        "effect": {
          "type": "minecraft:add",
          "value": {
            "type": "minecraft:linear",
            "base": 12,
            "per_level_above_first": 10
          }
        },
        "requirements": {
          "condition": "minecraft:entity_properties",
          "entity": "attacker",
          "predicate": {
            "type": "minecraft:player",
            "movement": {
            "horizontal_speed": {
                "min": 11.01
            }
            }
        }
        }
      }
    ]
  },
  "exclusive_set": "#minecraft:exclusive_set/damage",
  "max_cost": { "base": 20, "per_level_above_first": 10 },
  "max_level": 3,
  "min_cost": { "base": 5, "per_level_above_first": 10 },
  "supported_items": ["minecraft:wooden_sword"],
  "primary_items": ["minecraft:wooden_sword"],
  "weight": 10,
  "slots": ["mainhand"]
}