{
  "parent": "item/generated",
  "display": {
    "thirdperson_righthand": {
      "rotation": [
        -47.25,
        0,
        32.5
      ],
      "translation": [
        0,
        2.5,
        -2.75
      ],
      "scale": [
        1.4875,
        1.4875,
        0.85
      ]
    },
    "thirdperson_lefthand": {
      "rotation": [
        -47.25,
        0,
        -57.5
      ],
      "translation": [
        0,
        2.5,
        -2.75
      ],
      "scale": [
        1.4875,
        1.4875,
        0.85
      ]
    },
    "firstperson_righthand": {
      "rotation": [
        -30,
        -35,
        -70
      ],
      "translation": [
        1.13,
        0.45,
        1.13
      ],
      "scale": [
        1.19,
        1.19,
        0.68
      ]
    },
    "firstperson_lefthand": {
      "rotation": [
        -30,
        -35,
        -160
      ],
      "translation": [
        1.13,
        0.45,
        1.13
      ],
      "scale": [
        1.19,
        1.19,
        0.68
      ]
    }
  }
}