{
  "parent": "item/handheld",
  "textures": {
    "layer0": "item/golden_spear_model"
  },
    "display": {
        "thirdperson_righthand": {
            "rotation": [ -75, 90, 70 ],
            "translation": [ 2, -3, 0 ],
            "scale": [ 1.5, 1.5, 1.5 ]
        },
        "thirdperson_lefthand": {
            "rotation": [ -75, -90, -70 ],
            "translation": [ 2, -3, 0 ],
            "scale": [ 1.5, 1.5, 1.5 ]
        },
        "firstperson_righthand": {
            "rotation": [ 0, 0, -20 ],
            "translation": [ 1.13, 3.2, 1.13],
            "scale": [ 1, 1, 1 ]
        },
        "firstperson_lefthand": {
            "rotation": [ 0, 0, -130 ],
            "translation": [ 1.13, 3.2, 1.13],
            "scale": [ 1, 1, 1 ]
        }
    }
}