{
  "parent": "item/handheld",
  "textures": {
    "layer0": "item/wooden_spear_model"
  },
    "display": {
        "thirdperson_righthand": {
            "rotation": [ 0, 90, 45 ],
            "translation": [ 0, 0, 0 ],
            "scale": [ 1.5, 1.5, 1.5 ]
        },
        "thirdperson_lefthand": {
            "rotation": [ 0, -90, -45 ],
            "translation": [ 0, 0, 0 ],
            "scale": [ 1.5, 1.5, 1.5 ]
        },
        "firstperson_righthand": {
            "rotation": [ -90, 0, 45 ],
            "translation": [ 1.13, 3.2, 1.13],
            "scale": [ 1, 1, 1 ]
        },
        "firstperson_lefthand": {
            "rotation": [ -90, 0, -45 ],
            "translation": [ 1.13, 3.2, 1.13],
            "scale": [ 1, 1, 1 ]
        }
    }
}