{
  "hand_animation_on_swap": true,
  "model": {
    "type": "minecraft:select",
    "property": "minecraft:custom_model_data",
    "cases": [
      {
        "when": "diamond_spear",
        "model": {
          "type": "minecraft:condition",
          "property": "minecraft:using_item",
          "on_true": {
            "type": "minecraft:model",
            "model": "item/diamond_spear_blocking"
          },
          "on_false": {
            "type": "minecraft:select",
            "property": "minecraft:display_context",
            "cases": [
              {
                "when": [
                  "thirdperson_righthand",
                  "thirdperson_lefthand",
                  "firstperson_righthand",
                  "firstperson_lefthand"
                ],
                "model": {
                  "type": "minecraft:model",
                  "model": "item/diamond_spear_in_hand"
                }
              },
              {
                "when": ["gui", "fixed"],
                "model": {
                  "type": "minecraft:model",
                  "model": "item/diamond_spear"
                }
              }
            ],
            "fallback": {
              "type": "minecraft:model",
              "model": "item/diamond_spear"
            }
          }
        }
      },
      {
        "when": "netherite_spear",
        "model": {
          "type": "minecraft:condition",
          "property": "minecraft:using_item",
          "on_true": {
            "type": "minecraft:model",
            "model": "item/netherite_spear_blocking"
          },
          "on_false": {
            "type": "minecraft:select",
            "property": "minecraft:display_context",
            "cases": [
              {
                "when": [
                  "thirdperson_righthand",
                  "thirdperson_lefthand",
                  "firstperson_righthand",
                  "firstperson_lefthand"
                ],
                "model": {
                  "type": "minecraft:model",
                  "model": "item/netherite_spear_in_hand"
                }
              },
              {
                "when": ["gui", "fixed"],
                "model": {
                  "type": "minecraft:model",
                  "model": "item/netherite_spear"
                }
              }
            ],
            "fallback": {
              "type": "minecraft:model",
              "model": "item/netherite_spear"
            }
          }
        }
      },
      {
        "when": "iron_spear",
        "model": {
          "type": "minecraft:condition",
          "property": "minecraft:using_item",
          "on_true": {
            "type": "minecraft:model",
            "model": "item/iron_spear_blocking"
          },
          "on_false": {
            "type": "minecraft:select",
            "property": "minecraft:display_context",
            "cases": [
              {
                "when": [
                  "thirdperson_righthand",
                  "thirdperson_lefthand",
                  "firstperson_righthand",
                  "firstperson_lefthand"
                ],
                "model": {
                  "type": "minecraft:model",
                  "model": "item/iron_spear_in_hand"
                }
              },
              {
                "when": ["gui", "fixed"],
                "model": {
                  "type": "minecraft:model",
                  "model": "item/iron_spear"
                }
              }
            ],
            "fallback": {
              "type": "minecraft:model",
              "model": "item/iron_spear"
            }
          }
        }
      },
      {
        "when": "golden_spear",
        "model": {
          "type": "minecraft:condition",
          "property": "minecraft:using_item",
          "on_true": {
            "type": "minecraft:model",
            "model": "item/golden_spear_blocking"
          },
          "on_false": {
            "type": "minecraft:select",
            "property": "minecraft:display_context",
            "cases": [
              {
                "when": [
                  "thirdperson_righthand",
                  "thirdperson_lefthand",
                  "firstperson_righthand",
                  "firstperson_lefthand"
                ],
                "model": {
                  "type": "minecraft:model",
                  "model": "item/golden_spear_in_hand"
                }
              },
              {
                "when": ["gui", "fixed"],
                "model": {
                  "type": "minecraft:model",
                  "model": "item/golden_spear"
                }
              }
            ],
            "fallback": {
              "type": "minecraft:model",
              "model": "item/golden_spear"
            }
          }
        }
      },
      {
        "when": "stone_spear",
        "model": {
          "type": "minecraft:condition",
          "property": "minecraft:using_item",
          "on_true": {
            "type": "minecraft:model",
            "model": "item/stone_spear_blocking"
          },
          "on_false": {
            "type": "minecraft:select",
            "property": "minecraft:display_context",
            "cases": [
              {
                "when": [
                  "thirdperson_righthand",
                  "thirdperson_lefthand",
                  "firstperson_righthand",
                  "firstperson_lefthand"
                ],
                "model": {
                  "type": "minecraft:model",
                  "model": "item/stone_spear_in_hand"
                }
              },
              {
                "when": ["gui", "fixed"],
                "model": {
                  "type": "minecraft:model",
                  "model": "item/stone_spear"
                }
              }
            ],
            "fallback": {
              "type": "minecraft:model",
              "model": "item/stone_spear"
            }
          }
        }
      },
      {
        "when": "wooden_spear",
        "model": {
          "type": "minecraft:condition",
          "property": "minecraft:using_item",
          "on_true": {
            "type": "minecraft:model",
            "model": "item/wooden_spear_blocking"
          },
          "on_false": {
            "type": "minecraft:select",
            "property": "minecraft:display_context",
            "cases": [
              {
                "when": [
                  "thirdperson_righthand",
                  "thirdperson_lefthand",
                  "firstperson_righthand",
                  "firstperson_lefthand"
                ],
                "model": {
                  "type": "minecraft:model",
                  "model": "item/wooden_spear_in_hand"
                }
              },
              {
                "when": ["gui", "fixed"],
                "model": {
                  "type": "minecraft:model",
                  "model": "item/wooden_spear"
                }
              }
            ],
            "fallback": {
              "type": "minecraft:model",
              "model": "item/wooden_spear"
            }
          }
        }
      }
    ],
    "fallback": {
      "type": "minecraft:model",
      "model": "item/diamond_axe"
    }
  }
}
