{
  "type": "minecraft:crafting_shaped",
  "category": "equipment",
  "pattern": [
    "  2",
    " 1 ",
    "1  "
  ],
  "key": {
    "1": [
      "minecraft:stick"
    ],
    "2": [
      "diamond"
    ]
  },
  "result": {
    "id": "minecraft:diamond_axe",
    "components": {
      "minecraft:attribute_modifiers": [
        {
          "type": "minecraft:entity_interaction_range",
          "id": "minecraft:spear",
          "amount": 0.5,
          "operation": "add_value",
          "slot": "mainhand",
          "display": {
            "type": "hidden"
          }
        },
        {
          "type": "minecraft:attack_speed",
          "id": "minecraft:spear",
          "amount": -3.2,
          "operation": "add_value",
          "slot": "mainhand",
          "display": {
            "type": "hidden"
          }
        },
        {
          "type": "minecraft:attack_damage",
          "id": "minecraft:spear",
          "amount": 7,
          "operation": "add_value",
          "slot": "mainhand",
          "display": {
            "type": "hidden"
          }
        }
      ],
      "minecraft:custom_model_data": {
        "strings": [
          "diamond_spear"
        ]
      },
      "minecraft:enchantable": {
        "value": 10
      },
      "minecraft:item_name": "Diamond Spear",
      "minecraft:max_damage": 1561,
      "minecraft:max_stack_size": 1,
      "minecraft:repairable": {
        "items": "diamond"
      },
      "minecraft:weapon": {
        "item_damage_per_attack": 1
      },
      "minecraft:blocks_attacks": {
        "block_delay_seconds": 999999999
      },
      "minecraft:lore": [
  { "text": "" },
  { "text": "When in Main Hand", "color": "gray", "italic": false },
  { "text": " 8 Attack Damage", "color": "dark_green", "italic": false },
  { "text": " 0.8 Attack Speed", "color": "dark_green", "italic": false },
  { "text": " +0.5 Entity Interaction Range", "color": "dark_green", "italic": false }
      ],
      "minecraft:tool": {
        "rules": [],
        "default_mining_speed": 1,
        "damage_per_block": 2,
        "can_destroy_blocks_in_creative": false
      },
      "minecraft:custom_data": {
        "spear": "diamond"
      }
    }
  }
}