{
  "model": {
    "type": "minecraft:select",
    "property": "minecraft:display_context",
    "cases": [
      {
        "when": [
          "gui",
          "ground",
          "fixed"
        ],
        "model": {
          "type": "minecraft:model",
          "model": "spear:item/golden_spear"
        }
      }
    ],
    "fallback": {
      "type": "minecraft:condition",
      "property": "minecraft:using_item",
      "on_true": {
        "type": "minecraft:model",
        "model": "spear:item/golden_spear_charging"
      },
      "on_false": {
        "type": "minecraft:model",
        "model": "spear:item/golden_spear_in_hand"
      }
    }
  }
}