{
  "model": {
    "type": "select",
    "property": "custom_model_data",
    "fallback": {
      "type": "model",
      "model": "item/wooden_sword"
    },
    "cases": [
      {
        "when": "wooden_spear",
        "model": {
          "type": "model",
          "model": "item/wooden_spear"
        }
      },
      {
        "when": "stone_spear",
        "model": {
          "type": "model",
          "model": "item/stone_spear"
        }
      },
      {
        "when": "diamond_spear",
        "model": {
          "type": "model",
          "model": "item/diamond_spear"
        }
      },
      {
        "when": "netherite_spear",
        "model": {
          "type": "model",
          "model": "item/netherite_spear"
        }
      },
      {
        "when": "iron_spear",
        "model": {
          "type": "model",
          "model": "item/iron_spear"
        }
      },
      {
        "when": "gold_spear",
        "model": {
          "type": "model",
          "model": "item/gold_spear"
        }
      }
    ]
  }
}